"平成17年基準和歌山市消費者物価指数・変化率(年平均・年度平均・前年比・前年度比)【10倍値】","","","","","","","","","","","","","","","","","","","","","","","","","","","","","","","","","","","","","","","","","","","","","","","","","","","","","","","","","","","","","","","","","","","","","","","","","","","","","","","",""
"含類総連番","001","002","003","024","025","062","075","088","089","140","141","162","182","200","220","238","247","275","276","290","310","311","313","316","318","321","322","340","345","351","369","384","392","393","394","397","424","425","442","453","461","469","474","475","488","498","504","505","523","548","560","561","573","576","580","581","595","633","649","686","687","694","717","730","733","741","742","743","744","745","746","747","748","749","750","751","752","753","754","755"
"類符号","0001","0002","0003","0008","0009","0013","0016","0021","0022","0027","0028","0030","0033","0034","0037","0041","0042","0045","0046","0051","0054","0056","0057","0058","0059","0060","0061","0066","0070","0073","0077","0081","0082","0083","0084","0085","0089","0090","0094","0098","0103","0106","0107","0108","0109","0110","0111","0112","0113","0117","0118","0119","0120","0121","0122","0123","0128","0134","0138","0145","0146","0147","0151","0155","0156","0157","0158","0159","0160","0161","0172","0163","0164","0165","0166","0167","0168","0162","0173","0169"
"類","総合","食料","穀類","魚介類","生鮮魚介","肉類","乳卵類","野菜・海藻","生鮮野菜","果物","生鮮果物","油脂・調味料","菓子類","調理食品","飲料","酒類","外食","住居","家賃","設備修繕・維持","光熱・水道","電気代","ガス代","他の光熱","上下水道料","家具・家事用品","家庭用耐久財","室内装備品","寝具類","家事雑貨","家事用消耗品","家事サービス","被服及び履物","衣料","和服","洋服","シャツ・セーター・下着類","シャツ・セーター類","下着類","履物類","他の被服類","被服関連サービス","保健医療","医薬品・健康保持用摂取品","保健医療用品・器具","保健医療サービス","交通・通信","交通","自動車等関係費","通信","教育","授業料等","教科書・学習参考教材","補習教育","教養娯楽","教養娯楽用耐久財","教養娯楽用品","書籍・他の印刷物","教養娯楽サービス","諸雑費","理美容サービス","理美容用品","身の回り用品","たばこ","他の諸雑費","生鮮食品","生鮮魚介（再掲）","生鮮野菜（再掲）","生鮮果物（再掲）","生鮮食品を除く総合","生鮮食品を除く食料","持家の帰属家賃を除く総合","持家の帰属家賃を除く住居","持家の帰属家賃を除く家賃","帰属家賃及び生鮮食品を除く総合","エネルギー","食料（酒類を除く）及びエネルギーを除く総合","教育関係費","教養娯楽関係費","情報通信関係費"
"年平均","","","","","","","","","","","","","","","","","","","","","","","","","","","","","","","","","","","","","","","","","","","","","","","","","","","","","","","","","","","","","","","","","","","","","","","","","","","","","","","",""
"1970NN","331","332","331","344","361","285","522","319","383","476","466","482","274","324","559","453","262","312","355","239","402","634","315","274","-","607","1344","872","735","295","632","153","286","271","196","281","320","388","279","311","395","230","383","455","544","293","448","231","493","835","157","117","313","-","355","5404","391","204","252","302","165","608","291","370","115","386","361","383","466","328","321","331","268","346","327","-","-","-","-","-"
"1971NN","351","354","341","407","450","289","550","317","358","460","451","513","306","355","569","476","301","323","367","247","413","634","333","311","-","626","1338","938","770","308","683","153","321","307","225","318","347","402","311","337","408","268","389","464","608","294","462","251","498","841","166","122","360","-","388","5615","415","234","276","318","185","616","319","370","115","412","450","358","451","348","342","352","276","359","348","-","-","-","-","-"
"1972NN","377","375","368","422","465","298","590","332","357","473","461","526","341","419","572","476","338","401","476","272","418","633","343","314","-","634","1306","962","828","319","675","167","339","324","250","329","377","448","332","354","441","291","424","482","640","328","471","256","505","859","181","136","364","-","412","5502","441","246","304","338","218","622","342","370","115","419","465","357","461","375","367","372","308","409","369","-","-","-","-","-"
"1973NN","426","422","399","478","514","392","640","402","447","458","446","580","382","477","569","498","367","470","555","344","433","635","375","328","-","729","1466","1038","985","384","763","202","415","409","324","413","437","429","436","406","501","342","421","504","678","318","496","273","549","861","203","153","401","-","454","5615","510","277","335","371","277","586","383","370","127","466","514","447","446","424","415","418","370","453","416","-","-","-","-","-"
"1974NN","532","540","490","629","675","461","842","529","601","599","586","779","641","611","678","574","443","545","560","522","554","766","509","524","-","1037","2157","1309","1234","587","1133","269","565","556","382","586","588","563","593","639","670","429","455","529","1001","338","579","320","719","864","232","172","478","-","560","6842","654","380","386","439","349","674","534","370","139","616","675","601","586","528","526","532","502","497","526","-","-","-","-","-"
"1975NN","592","606","601","692","741","524","896","523","558","692","678","888","694","686","757","619","525","594","603","580","616","800","598","611","-","1095","2293","1369","1147","634","1061","403","619","627","401","674","617","612","611","656","723","486","518","619","1072","382","632","367","788","873","275","202","596","-","626","7135","702","443","438","486","415","718","594","370","139","651","741","558","678","590","600","592","554","538","589","-","-","323","-","-"
"1976NN","650","668","665","794","879","614","918","594","677","744","731","881","706","708","835","683","574","636","648","620","681","858","617","656","-","1103","2218","1458","1222","657","1048","427","684","713","467","761","665","678","631","700","819","531","569","662","1111","429","699","433","845","960","319","247","601","475","659","7105","720","456","480","578","467","755","607","551","267","761","879","677","731","644","652","651","598","587","644","-","-","367","-","-"
"1977NN","697","715","721","921","982","624","967","606","652","827","812","874","698","761","938","694","625","672","681","661","756","938","685","671","-","1169","2250","1602","1300","697","1105","509","699","679","513","698","727","745","682","771","868","584","619","710","1188","470","813","480","865","1427","362","291","607","521","699","7226","754","467","531","613","516","850","616","551","329","812","982","652","812","691","696","699","632","615","692","-","-","411","-","-"
"1978NN","722","738","752","987","1017","641","919","630","654","814","799","880","701","774","992","735","650","700","725","643","756","919","682","671","-","1194","2370","1622","1294","714","1100","512","714","690","551","697","745","758","710","793","854","612","685","729","1227","542","827","511","846","1469","403","342","629","530","724","7278","767","494","554","629","551","879","619","551","329","824","1017","654","799","717","724","723","636","650","716","-","-","449","-","-"
"1979NN","747","757","753","1004","1052","680","908","676","725","787","772","848","697","755","934","749","697","709","731","665","771","919","702","794","-","1208","2346","1622","1326","729","1121","535","751","730","514","765","769","797","713","823","841","659","695","752","1247","546","870","564","894","1469","447","398","641","530","746","7346","781","517","572","660","624","899","637","551","329","858","1052","725","772","741","738","749","651","655","742","-","-","488","-","-"
"1980NN","804","810","807","1004","1047","766","972","796","889","774","759","905","718","781","943","809","741","711","702","760","998","1207","932","1237","-","1315","2431","1650","1368","854","1274","608","805","777","540","817","831","872","755","906","886","730","703","778","1283","546","916","603","971","1467","491","449","658","546","804","7549","855","576","610","730","673","901","776","631","329","910","1047","889","759","798","792","811","701","646","806","-","-","530","781","-"
"1981NN","839","843","856","1020","1050","783","1022","819","910","903","890","946","761","777","969","872","767","728","721","772","1054","1302","972","1295","-","1349","2597","1470","1405","886","1365","608","844","817","550","865","875","914","800","951","878","779","715","812","1300","549","944","644","990","1461","551","505","724","613","844","7617","895","619","641","756","702","921","786","669","329","951","1050","910","890","833","823","848","717","668","842","-","-","582","824","-"
"1982NN","861","854","897","1052","1116","781","965","757","805","846","830","952","830","766","996","894","813","794","799","776","1063","1302","974","1418","-","1373","2599","1392","1478","898","1365","688","849","824","549","877","863","891","809","953","907","795","727","844","1325","555","994","708","1040","1445","585","547","738","634","866","7572","920","629","665","769","718","943","804","669","329","928","1116","805","830","859","843","866","744","722","863","-","-","618","853","-"
"1983NN","886","880","912","1122","1226","793","947","807","870","849","833","959","862","773","1000","918","839","858","873","790","1060","1302","975","1378","-","1377","2631","1268","1490","925","1382","688","872","844","558","897","920","978","816","918","949","796","735","877","1376","551","994","720","1025","1431","636","577","739","727","881","7323","942","639","685","796","731","962","810","723","390","996","1226","870","833","881","859","888","773","770","882","-","-","660","869","-"
"1984NN","903","897","948","1110","1207","785","952","860","906","899","885","972","857","760","1016","1004","857","878","894","812","1053","1302","972","1283","-","1381","2631","1271","1483","948","1369","688","902","881","614","924","964","1047","818","935","943","808","750","928","1392","554","1007","765","1008","1400","668","610","747","758","894","7451","934","642","702","807","754","971","760","750","499","1013","1207","906","885","898","876","904","795","792","898","-","-","686","890","-"
"1985NN","917","905","960","1092","1167","790","957","829","864","996","978","982","859","802","1045","1027","863","893","909","825","1049","1302","980","1207","540","1375","2666","1275","1346","960","1355","688","938","961","727","988","950","1007","844","945","1002","813","793","951","1394","603","1027","797","1022","1382","690","644","752","758","911","7527","961","651","718","814","754","988","780","750","528","1007","1167","864","978","914","887","919","811","812","914","-","-","707","912","-"
"1986NN","923","907","973","1140","1243","786","962","824","853","885","861","987","861","814","1060","1027","864","892","905","839","996","1242","939","985","540","1367","2637","1291","1341","948","1350","689","975","1003","726","1033","1001","1068","880","969","1006","816","810","962","1390","622","1023","833","993","1376","692","648","752","758","953","7391","962","677","778","825","760","988","753","805","528","1005","1243","853","861","920","890","925","819","817","922","-","-","712","954","-"
"1987NN","916","887","979","1071","1143","775","876","806","828","830","809","939","865","794","1032","1027","864","896","910","846","927","1160","890","700","540","1338","2517","1261","1315","949","1338","690","991","1011","749","1040","1031","1123","867","1004","1018","817","830","998","1390","638","1028","853","992","1369","698","657","766","758","962","7022","970","690","791","832","766","991","737","833","660","943","1143","828","809","916","879","917","829","828","917","-","-","722","966","-"
"1988NN","917","893","976","1068","1096","777","885","883","965","776","756","938","855","797","994","1027","870","891","901","852","906","1137","867","633","541","1318","2463","1220","1211","988","1287","690","1009","1034","747","1066","1056","1162","868","1004","1014","820","832","1007","1399","637","1024","861","986","1349","707","670","768","758","965","6398","991","693","801","840","791","992","732","833","704","963","1096","965","756","917","882","920","833","832","919","-","-","733","971","-"
"1989NN","936","914","995","1092","1144","799","937","900","954","810","789","948","864","827","1018","990","897","908","919","870","896","1117","865","606","552","1322","2469","1170","1246","1029","1231","702","1051","1086","759","1120","1088","1198","891","1029","1059","859","841","1019","1424","643","1027","878","979","1353","739","698","785","803","1000","6225","1004","759","829","851","805","1010","746","833","704","987","1144","954","789","935","902","939","854","854","938","-","-","763","1002","-"
"1990NN","961","947","1001","1098","1181","829","994","978","1089","934","912","1000","881","841","1016","1011","931","926","933","914","915","1109","895","769","557","1320","2367","1231","1342","1049","1206","707","1089","1151","765","1190","1109","1231","893","1019","1105","879","840","1014","1321","651","1040","898","995","1343","776","722","799","865","1031","6089","1039","777","861","865","828","1002","782","833","704","1080","1181","1089","912","956","923","966","877","863","959","-","-","793","1032","-"
"1991NN","995","989","1034","1142","1239","854","1006","1039","1177","1063","1038","1104","900","885","1030","1033","969","956","960","961","945","1109","943","890","597","1348","2318","1245","1368","1107","1316","710","1139","1209","822","1247","1162","1297","923","1072","1130","906","845","1039","1329","651","1058","907","1031","1315","828","760","859","942","1059","5900","1094","801","883","884","837","1024","821","834","704","1165","1239","1177","1038","987","955","1000","908","879","990","-","-","837","1056","-"
"1992NN","1011","995","1048","1180","1211","846","993","930","972","1088","1061","1103","922","929","1089","1030","997","985","984","1016","992","1109","952","889","789","1369","2259","1246","1362","1147","1312","793","1125","1175","939","1198","1147","1247","969","1076","1125","923","882","1042","1427","679","1059","932","1028","1285","863","805","865","963","1088","6034","1086","883","901","884","848","1021","810","837","704","1092","1211","972","1061","1008","978","1014","944","895","1010","-","-","868","1085","-"
"1993NN","1024","1012","1089","1177","1200","854","967","1038","1114","928","900","1099","941","970","1117","1028","1022","995","991","1048","993","1107","959","897","789","1374","2232","1238","1398","1155","1279","835","1095","1122","945","1139","1115","1204","958","1059","1138","932","882","1037","1407","694","1061","933","1041","1253","896","846","897","979","1140","5547","1117","896","983","881","856","1021","790","839","822","1093","1200","1114","900","1022","999","1028","966","907","1026","-","-","897","1132","-"
"1994NN","1036","1039","1289","1149","1131","853","973","1040","1075","1019","994","1097","946","1003","1114","1052","1031","1002","995","1064","977","1097","929","846","789","1352","2109","1251","1398","1169","1251","835","1074","1084","944","1097","1096","1179","949","1045","1163","934","878","1026","1359","708","1058","942","1041","1213","926","891","914","984","1163","4883","1112","940","1026","889","868","1023","805","840","822","1077","1131","1075","994","1035","1034","1041","982","925","1041","-","-","926","1148","-"
"1995NN","1025","1008","1070","1104","1078","832","973","1038","1075","1015","997","1095","940","1004","1119","1064","1023","1007","1001","1069","977","1097","932","839","789","1310","1996","1247","1306","1162","1188","835","1066","1055","942","1065","1114","1205","954","1044","1164","934","883","1029","1346","719","1061","957","1022","1267","942","915","914","984","1161","4256","1121","949","1032","894","890","1020","804","840","888","1056","1078","1075","997","1025","1000","1028","995","945","1028","-","-","939","1145","-"
"1996NN","1025","1009","1070","1120","1125","826","988","1020","1052","1021","1005","1082","955","1007","1127","1065","1022","1018","1012","1084","970","1079","933","839","789","1273","1906","1236","1272","1131","1157","835","1087","1088","943","1105","1135","1220","987","1057","1136","934","887","1022","1326","729","1046","971","995","1250","950","929","921","984","1141","3643","1099","954","1036","901","904","1016","815","840","967","1070","1125","1052","1005","1024","999","1027","1018","976","1026","-","-","946","1131","-"
"1997NN","1041","1025","1092","1135","1109","844","1014","1010","1022","991","971","1086","976","1020","1142","1071","1062","1020","1012","1106","1013","1114","1003","884","811","1285","1974","1218","1233","1157","1129","847","1125","1130","953","1152","1170","1274","987","1107","1141","979","934","1029","1327","794","1043","987","981","1244","969","944","941","1009","1153","3379","1101","978","1061","930","976","1026","824","854","967","1045","1109","1022","971","1042","1024","1047","1038","993","1049","-","-","967","1140","-","","","","","","","","","","","","","","","","","","","","","","","","","","","","","","","","","","","","","","","","","","","","","","","","","","","","","","","","","","","","","","","","","","","","","","","","","","","","","","","","","",""
"1998NN","1045","1047","1077","1184","1222","838","1009","1132","1212","1082","1063","1091","995","1028","1163","1062","1056","990","980","1102","1020","1086","1016","803","929","1315","1894","1272","1252","1280","1104","963","1130","1166","965","1193","1115","1186","993","1132","1135","994","1013","1029","1311","910","1021","997","944","1220","982","959","958","1020","1153","3175","1110","985","1065","937","995","1022","828","863","967","1178","1222","1212","1063","1039","1021","1059","1023","972","1052","-","-","980","1140","-","","","","","","","","","","","","","","","","","","","","","","","","","","","","","","","","","","","","","","","","","","","","","","","","","","","","","","","","","","","","","","","","","","","","","","","","","","","","","","","","","",""
"1999NN","1040","1041","1075","1174","1192","803","997","1100","1161","1091","1071","1094","1024","1031","1194","1061","1054","984","974","1097","1008","1069","995","697","966","1299","1830","1302","1289","1208","1103","1000","1131","1150","972","1173","1148","1250","970","1152","1078","999","1012","1040","1315","903","1017","998","940","1213","998","973","963","1038","1132","2941","1085","988","1050","950","995","1018","843","924","967","1150","1192","1161","1071","1035","1020","1054","1020","969","1049","-","-","995","1122","-","","","","","","","","","","","","","","","","","","","","","","","","","","","","","","","","","","","","","","","","","","","","","","","","","","","","","","","","","","","","","","","","","","","","","","","","","","","","","","","","","",""
"2000NN","1035","1029","1052","1124","1138","792","992","1060","1083","1133","1115","1079","1025","1058","1206","1062","1036","994","984","1095","1019","1076","1002","770","976","1263","1712","1267","1318","1160","1103","1000","1111","1098","972","1110","1168","1269","992","1161","1060","1000","1008","1036","1300","903","1016","998","949","1178","1004","980","966","1043","1110","2481","1059","989","1045","960","999","1021","873","924","967","1112","1138","1083","1115","1032","1013","1045","1020","972","1042","-","-","999","1105","-","","","","","","","","","","","","","","","","","","","","","","","","","","","","","","","","","","","","","","","","","","","","","","","","","","","","","","","","","","","","","","","","","","","","","","","","","","","","","","","","","",""
"2001NN","1029","1034","1037","1153","1199","831","960","1041","1053","1297","1285","1049","1038","1060","1157","1058","1022","1004","998","1071","1018","1065","1018","794","976","1174","1524","1170","1012","1132","1079","1000","1090","1102","979","1114","1116","1189","987","1101","1018","1000","1003","1028","1203","929","1004","999","958","1108","994","983","981","1010","1073","1913","1059","991","1028","960","999","993","898","924","982","1165","1199","1053","1285","1023","1009","1034","1014","978","1027","-","-","991","1072","-","","","","","","","","","","","","","","","","","","","","","","","","","","","","","","","","","","","","","","","","","","","","","","","","","","","","","","","","","","","","","","","","","","","","","","","","","","","","","","","","","",""
"2002NN","1013","1017","1030","1173","1216","833","962","988","967","1162","1155","1033","1037","1018","1111","1046","1017","997","991","1059","1008","1054","1006","738","976","1116","1373","1131","939","1074","1060","1000","1033","1054","988","1060","1014","1039","971","1049","999","1000","982","1026","1108","921","1000","999","959","1088","991","984","993","1000","1054","1615","1066","991","1019","972","999","997","940","924","986","1113","1216","967","1155","1009","999","1018","1002","966","1013","-","-","986","1054","-","","","","","","","","","","","","","","","","","","","","","","","","","","","","","","","","","","","","","","","","","","","","","","","","","","","","","","","","","","","","","","","","","","","","","","","","","","","","","","","","","",""
"2003NN","1007","1004","1032","1033","1017","814","963","1081","1096","1042","1036","1038","1020","1021","1116","1052","1011","1002","998","1048","997","1025","1001","757","994","1090","1264","1065","976","1022","1119","1000","1004","981","1000","978","1036","1070","977","1039","1005","1000","1005","1002","1042","994","999","999","958","1088","994","989","1001","1000","1040","1404","1074","993","1005","984","999","994","972","962","984","1049","1017","1096","1036","1006","996","1009","1012","988","1008","-","-","994","1039","-","","","","","","","","","","","","","","","","","","","","","","","","","","","","","","","","","","","","","","","","","","","","","","","","","","","","","","","","","","","","","","","","","","","","","","","","","","","","","","","","","",""
"2004NN","1005","1007","1067","1022","1017","926","983","1035","1038","928","924","1029","1022","1008","1048","1015","1013","1006","1004","1026","1000","1026","998","786","1000","1049","1098","1068","988","1006","1098","1000","999","971","1000","968","1029","1057","980","1029","1020","1000","1004","1000","1014","1003","999","1000","966","1072","997","994","1001","1000","1006","1164","1002","997","997","992","999","990","990","1000","984","1003","1017","1038","924","1006","1008","1005","1013","1005","1006","-","-","997","1007","-","","","","","","","","","","","","","","","","","","","","","","","","","","","","","","","","","","","","","","","","","","","","","","","","","","","","","","","","","","","","","","","","","","","","","","","","","","","","","","","","","",""
"2005NN","1000","1000","1000","1000","1000","1000","1000","1000","1000","1000","1000","1000","1000","1000","1000","1000","1000","1000","1000","1000","1000","1000","1000","1000","1000","1000","1000","1000","1000","1000","1000","1000","1000","1000","1000","1000","1000","1000","1000","1000","1000","1000","1000","1000","1000","1000","1000","1000","1000","1000","1000","1000","1000","1000","1000","1000","1000","1000","1000","1000","1000","1000","1000","1000","1000","1000","1000","1000","1000","1000","1000","1000","1000","1000","1000","1000","1000","1000","1000","1000","","","","","","","","","","","","","","","","","","","","","","","","","","","","","","","","","","","","","","","","","","","","","","","","","","","","","","","","","","","","","","","","","","","","","","","","","","","","","","","","","",""
"2006NN","1003","1004","983","1039","1040","1030","998","1034","1049","979","980","979","979","999","969","985","1004","1002","1002","1004","1023","987","1065","1288","1000","976","927","1024","994","1005","982","1000","1001","998","1000","998","1007","1031","949","994","997","1000","992","1003","970","992","1004","997","1023","963","1004","1005","1005","1000","1000","853","1041","1004","1009","1012","1008","994","1024","1046","1011","1031","1040","1049","980","1002","999","1004","1004","1005","1002","1045","998","1003","1001","974","","","","","","","","","","","","","","","","","","","","","","","","","","","","","","","","","","","","","","","","","","","","","","","","","","","","","","","","","","","","","","","","","","","","","","","","","","","","","","","","","",""
"2007NN","1009","1021","986","1091","1098","1047","1009","1016","1033","1095","1092","995","975","1045","957","993","1005","1003","1002","1015","1028","990","1074","1306","1000","958","865","1023","1037","980","997","1002","1006","1005","1000","1006","1010","1041","933","1008","994","1001","993","994","963","1001","1007","999","1036","944","1011","1014","1023","1000","992","756","1045","1006","1008","1024","1009","987","1083","1091","1013","1073","1098","1033","1092","1005","1010","1010","1014","1014","1006","1060","997","1013","992","960","","","","","","","","","","","","","","","","","","","","","","","","","","","","","","","","","","","","","","","","","","","","","","","","","","","","","","","","","","","","","","","","","","","","","","","","","","","","","","","","","",""
"2008NN","1026","1051","1061","1091","1055","1056","1049","1035","1050","1149","1149","1079","1056","1086","963","1025","1014","1011","1008","1042","1084","1014","1134","1713","1051","958","858","891","974","1025","1039","1001","1034","1080","1000","1089","991","1018","926","1018","986","1010","989","994","943","1000","1027","1006","1068","945","1023","1029","1025","1002","985","634","1035","1007","1020","1028","1006","1009","1052","1092","1023","1072","1055","1050","1149","1024","1047","1030","1031","1021","1028","1137","1003","1026","985","959","","","","","","","","","","","","","","","","","","","","","","","","","","","","","","","","","","","","","","","","","","","","","","","","","","","","","","","","","","","","","","","","","","","","","","","","","","","","","","","","","",""
"2009NN","1020","1053","1060","1076","1005","1052","1033","1041","1043","1113","1110","1109","1089","1115","955","1042","1007","1030","1027","1056","1057","1014","1138","1141","1051","948","839","847","989","1034","1029","992","1037","1087","943","1102","988","1008","941","1037","984","1012","981","992","877","1006","978","983","993","943","1012","1030","1113","929","965","545","1021","1009","1002","1026","1006","995","1052","1092","1028","1041","1005","1043","1110","1019","1056","1018","1045","1035","1017","1037","1004","1023","965","957"," "," "," "," "," "," "," "," "," "," "," "," "," "," "," ","  "," "," "," "," "," "," "," "," "," "," "," "," ","  "," "," "," "," "," "," "," "," "," "," "," "," "," "," "," ","  "," "," "," "," "," ","  "," "," "," "," "," "," "," "," "," "," "," "," "," "," "," "," "," "," "," "," "," "," "," "," "," ","  "," "," "," "," "," "
"2010NN","1018","1048","1021","1103","1048","1093","1036","1067","1086","1042","1038","1114","1074","1086","939","1009","992","1041","1041","1047","1043","991","1093","1311","1051","925","812","782","994","1024","983","992","1025","1034","862","1053","1010","1045","924","1070","989","1017","969","977","824","1008","986","968","1011","938","931","932","1123","904","965","471","1045","1010","1005","1049","1006","988","1107","1197","1046","1060","1048","1086","1038","1016","1045","1013","1049","1050","1011","1046","1002","955","965","953","","","","","","","","","","","","","","","","","","","","","","","","","","","","","","","","","","","","","","","","","","","","","","","","","","","","","","","","","","","","","","","","","","","","","","","","","","","","","","","","","",""
"2011NN","1022","1043","1028","1117","1075","1063","1039","1065","1083","1007","1001","1090","1071","1076","937","996","997","1050","1050","1044","1068","1010","1115","1519","1051","903","743","815","974","1013","988","990","1001","999","835","1016","983","1004","931","1071","989","1017","965","958","818","1010","997","970","1029","934","904","907","1123","869","969","436","1046","1013","1017","1096","1007","971","1099","1513","1098","1063","1075","1083","1001","1020","1039","1016","1048","1052","1013","1094","1004","932","970","953","","","","","","","","","","","","","","","","","","","","","","","","","","","","","","","","","","","","","","","","","","","","","","","","","","","","","","","","","","","","","","","","","","","","","","","","","","","","","","","","","",""
"年度平均","","","","","","","","","","","","","","","","","","","","","","","","","","","","","","","","","","","","","","","","","","","","","","","","","","","","","","","","","","","","","","","","","","","","","","","","","","","","","","","","","","","","","","","","","","","","","","","","","","","","","","","","","","","","","","","","","","","","","","","","","","","","","","","","","","","","","","","","","","","","","","","","","","","","","","","","","","","","","","","","","",""
"1970DD","337","337","334","360","385","285","517","323","388","466","457","492","284","342","561","461","271","314","357","239","403","634","315","284","-","613","1346","891","746","300","649","153","296","282","200","294","329","388","290","317","401","240","385","457","566","294","452","238","493","835","159","119","322","-","363","5479","403","206","258","306","171","609","298","370","115","394","385","388","457","333","326","336","269","348","332","-","-","-","-","-"
"1971DD","356","358","344","410","455","290","564","315","351","474","463","517","312","369","572","476","313","328","371","253","417","633","339","314","-","627","1333","948","779","309","680","156","326","313","232","323","353","413","315","342","412","273","395","465","608","301","463","251","499","848","168","124","364","-","396","5592","419","242","284","322","191","618","323","370","115","414","455","351","463","353","347","357","281","361","353","-","-","-","-","-"
"1972DD","386","383","379","429","468","312","603","344","370","449","438","532","349","431","570","476","342","429","520","279","420","632","349","315","-","642","1325","966","852","326","675","169","347","333","260","338","380","427","347","359","451","298","429","489","651","332","474","259","509","861","186","140","368","-","416","5479","452","248","308","344","229","616","349","370","115","420","468","370","438","385","376","379","320","430","377","-","-","-","-","-"
"1973DD","451","452","415","513","547","416","687","451","516","481","468","629","445","505","605","511","386","489","554","393","453","648","405","362","-","811","1629","1112","1070","432","889","215","454","449","346","456","475","455","480","463","544","363","421","512","754","314","512","281","585","861","208","157","416","-","478","5871","550","293","350","382","289","596","409","370","133","508","547","516","468","449","443","446","405","459","442","-","-","-","-","-"
"1974DD","549","556","520","646","689","471","868","517","571","633","618","814","660","641","680","589","460","557","567","544","579","796","540","561","-","1067","2253","1331","1207","611","1110","314","578","563","379","596","603","582","606","653","691","447","473","537","1028","356","599","337","744","866","241","177","518","-","580","7015","671","412","392","455","370","686","565","370","139","626","689","571","618","546","545","548","521","508","544","-","-","-","-","-"
"1975DD","606","622","617","716","776","556","888","546","596","682","668","891","700","686","776","641","537","604","616","586","627","800","598","623","-","1091","2282","1386","1143","637","1048","404","630","649","420","693","620","614","614","661","731","495","526","645","1089","383","647","384","803","883","282","209","597","-","636","7113","702","445","454","509","430","728","597","415","139","677","776","596","668","602","615","606","563","551","602","-","-","330","-","-"
"1976DD","663","680","681","814","900","612","942","595","671","800","786","878","704","728","853","683","589","646","657","634","702","892","636","662","-","1121","2207","1484","1259","661","1069","452","696","718","481","761","688","709","642","720","848","547","587","671","1114","448","726","445","853","1058","332","260","604","490","669","7143","744","460","490","587","479","774","610","551","315","780","900","671","786","657","661","665","608","597","657","-","-","380","-","-"
"1977DD","706","723","732","952","1001","636","950","610","648","790","775","874","698","758","975","700","632","680","691","666","763","938","689","673","-","1180","2279","1633","1298","708","1102","510","702","678","526","691","728","741","695","785","868","595","636","721","1215","486","823","486","864","1469","371","300","610","530","708","7233","753","469","545","617","525","860","618","551","329","810","1001","648","775","700","707","708","637","621","701","-","-","421","-","-"
"1978DD","726","740","751","985","1007","643","907","624","639","836","821","872","700","776","974","745","661","704","733","635","745","900","676","665","-","1197","2378","1611","1299","714","1100","512","719","698","534","713","751","769","710","788","848","611","691","733","1234","546","830","524","839","1469","414","355","634","530","728","7308","763","504","556","638","573","888","615","551","329","821","1007","639","821","721","726","727","635","655","720","-","-","459","-","-"
"1979DD","760","773","761","1015","1076","703","925","749","848","756","740","858","697","752","933","752","702","711","728","682","802","938","740","918","-","1228","2349","1630","1325","751","1155","560","762","736","523","769","782","816","717","854","846","682","697","759","1254","546","887","574","928","1469","459","412","642","530","754","7399","795","518","580","666","625","898","672","551","329","903","1076","848","740","751","746","763","660","655","753","-","-","499","-","-"
"1980DD","816","821","820","1005","1040","777","1005","794","876","821","807","918","727","792","945","826","753","711","700","778","1049","1300","972","1257","-","1331","2482","1638","1362","870","1311","608","819","791","544","833","850","895","768","908","891","743","706","786","1290","547","918","610","967","1463","501","461","667","551","822","7512","879","599","620","744","688","904","780","660","329","914","1040","876","807","811","804","825","711","646","820","-","-","538","798","-"
"1981DD","843","845","867","1015","1046","783","997","790","860","914","900","953","782","776","980","888","776","736","731","765","1057","1302","972","1331","-","1355","2605","1405","1438","894","1365","628","844","811","552","857","876","913","805","961","871","788","718","821","1302","551","961","662","1010","1458","568","519","738","634","850","7670","895","621","648","760","705","928","792","669","329","936","1046","860","900","839","829","853","717","677","849","-","-","597","831","-"
"1982DD","867","859","903","1083","1168","783","955","756","804","808","790","948","837","761","999","894","822","820","830","782","1064","1302","975","1435","-","1374","2621","1377","1471","895","1369","688","851","833","550","887","859","880","812","939","922","795","730","853","1337","554","999","715","1043","1447","591","556","738","634","869","7451","925","632","670","771","720","945","805","669","329","940","1168","804","790","864","846","870","756","741","867","-","-","625","857","-"
"1983DD","892","889","922","1118","1221","791","959","855","935","862","847","965","862","777","1002","934","843","861","876","795","1058","1302","974","1338","-","1382","2634","1270","1512","938","1382","688","872","838","565","887","933","997","816","924","944","796","736","880","1386","550","992","725","1015","1423","651","584","741","758","885","7391","946","639","689","804","739","966","800","743","411","1019","1221","935","847","885","865","894","778","775","885","-","-","673","874","-"
"1984DD","906","897","951","1099","1183","788","937","823","843","970","956","973","859","763","1021","1020","860","884","900","813","1052","1302","972","1267","-","1377","2626","1271","1444","956","1363","688","910","904","649","943","947","1017","821","941","962","812","761","944","1392","566","1011","774","1010","1391","673","619","748","758","895","7466","931","643","707","810","754","977","761","750","528","1002","1183","843","956","903","879","907","799","798","902","-","-","691","895","-"
"1985DD","922","909","963","1108","1195","789","972","855","905","947","928","988","860","807","1053","1027","864","894","910","828","1048","1302","983","1174","540","1374","2663","1286","1334","955","1357","688","948","976","727","1004","960","1016","858","943","1005","814","795","952","1393","606","1032","810","1023","1382","694","651","752","758","922","7512","969","654","732","814","754","985","778","750","528","1022","1195","905","928","918","889","923","815","815","918","-","-","712","923","-"
"1986DD","919","901","977","1135","1241","784","935","786","792","875","852","976","863","810","1059","1027","864","894","907","842","968","1207","916","878","540","1363","2615","1288","1346","946","1347","689","977","999","732","1028","1009","1084","872","979","1009","816","818","972","1390","630","1019","839","985","1373","691","647","754","758","955","7346","958","684","781","829","763","990","743","826","528","979","1241","792","852","919","888","922","823","819","919","-","-","712","957","-"
"1987DD","915","886","977","1057","1108","769","879","830","870","796","774","935","863","793","1021","1027","864","894","906","846","922","1155","887","695","540","1334","2490","1257","1302","957","1335","690","994","1015","749","1044","1036","1129","870","1005","1016","817","830","1001","1389","638","1029","856","992","1368","701","661","768","758","964","6887","976","691","794","834","768","991","739","833","704","938","1108","870","774","916","878","917","829","828","917","-","-","725","968","-"
"1988DD","919","896","977","1072","1103","784","887","885","964","788","769","940","850","802","990","1027","873","893","904","855","903","1137","860","618","541","1309","2461","1184","1193","991","1269","690","1016","1042","746","1075","1065","1174","870","1007","1018","821","833","1007","1401","637","1023","861","986","1342","709","673","768","758","969","6345","988","703","804","841","797","993","731","833","704","969","1103","964","769","919","884","923","838","837","921","-","-","736","974","-"
"1989DD","942","920","1001","1086","1146","805","956","917","977","831","810","951","872","832","1024","980","904","912","922","879","897","1109","869","631","556","1324","2453","1205","1269","1044","1202","706","1065","1105","763","1141","1101","1217","893","1025","1078","874","841","1020","1407","645","1029","885","977","1360","750","706","792","818","1010","6149","1021","768","837","856","811","1014","757","833","704","1001","1146","977","810","941","907","945","859","858","944","-","-","772","1012","-"
"1990DD","971","961","1009","1110","1195","842","1002","1005","1143","966","944","1032","888","851","1020","1021","945","930","936","925","924","1109","912","836","557","1330","2348","1230","1359","1065","1244","709","1098","1161","765","1202","1117","1242","896","1033","1109","882","840","1019","1321","653","1048","901","1011","1336","786","729","811","881","1038","5961","1050","782","871","868","832","1004","788","833","704","1113","1195","1143","944","964","933","975","883","864","968","-","-","801","1038","-"
"1991DD","1002","992","1037","1155","1251","853","1003","1018","1131","1120","1094","1108","904","897","1034","1035","974","966","970","976","957","1109","944","875","654","1348","2306","1247","1366","1113","1322","710","1143","1211","865","1245","1161","1286","940","1080","1133","915","850","1042","1350","653","1058","914","1029","1307","841","770","865","963","1067","5998","1095","820","886","886","838","1026","825","835","704","1170","1251","1131","1094","993","960","1006","919","886","996","-","-","849","1065","-"
"1992DD","1011","994","1055","1173","1193","845","987","924","957","1027","1000","1102","928","937","1106","1028","1004","990","988","1025","993","1109","955","892","789","1378","2261","1240","1368","1152","1304","824","1118","1164","940","1185","1138","1236","965","1066","1125","924","879","1040","1425","686","1059","932","1031","1275","871","818","865","963","1090","5943","1091","889","905","882","851","1019","803","837","734","1064","1193","957","1000","1010","983","1015","950","898","1013","-","-","874","1088","-"
"1993DD","1030","1025","1131","1190","1205","857","965","1072","1155","932","904","1099","944","985","1118","1028","1026","997","991","1053","989","1104","951","883","789","1368","2190","1245","1417","1157","1269","835","1088","1108","945","1125","1109","1198","955","1058","1149","934","879","1034","1402","698","1060","935","1042","1237","904","855","910","984","1157","5444","1118","906","1011","884","860","1023","793","839","822","1110","1205","1155","904","1027","1010","1035","971","913","1031","-","-","905","1146","-"
"1994DD","1034","1033","1246","1127","1100","848","975","1038","1072","1044","1021","1094","945","1001","1111","1061","1032","1003","997","1067","977","1097","930","846","789","1348","2105","1254","1373","1173","1240","835","1071","1077","943","1090","1097","1181","951","1045","1154","934","878","1026","1357","713","1057","942","1036","1225","934","902","914","984","1164","4658","1117","945","1031","892","874","1023","807","840","822","1069","1100","1072","1021","1034","1028","1039","985","927","1039","-","-","933","1147","-"
"1995DD","1024","1005","1069","1108","1089","833","972","1022","1050","979","961","1096","939","1007","1126","1065","1019","1012","1006","1073","973","1091","932","830","789","1294","1952","1244","1298","1145","1177","835","1070","1063","942","1074","1115","1203","963","1038","1173","934","883","1029","1345","720","1061","964","1018","1269","944","918","917","984","1153","4026","1113","951","1030","895","891","1018","807","840","925","1044","1089","1050","961","1025","999","1026","1003","956","1027","-","-","941","1139","-"
"1996DD","1026","1011","1075","1125","1125","815","989","1014","1044","1061","1045","1079","957","1006","1125","1065","1023","1020","1013","1086","973","1083","937","855","792","1265","1886","1230","1250","1130","1154","835","1098","1105","944","1125","1149","1241","988","1060","1127","934","889","1022","1322","733","1041","971","987","1241","952","933","923","984","1140","3588","1097","957","1037","902","910","1015","815","840","967","1076","1125","1044","1045","1025","998","1028","1023","982","1026","-","-","949","1129","-"
"1997DD","1045","1032","1088","1151","1144","857","1024","1026","1044","954","933","1090","984","1026","1150","1070","1071","1018","1009","1113","1018","1115","1022","873","815","1297","1992","1229","1244","1193","1118","851","1129","1131","954","1154","1172","1274","992","1126","1144","994","966","1031","1329","839","1042","993","976","1242","975","947","947","1017","1156","3350","1096","983","1070","937","994","1029","827","860","967","1056","1144","1044","933","1046","1030","1053","1039","991","1055","-","-","972","1144","-"
"1998DD","1045","1051","1083","1181","1216","836","1000","1148","1234","1124","1106","1091","1005","1029","1168","1061","1055","984","973","1096","1022","1081","1010","766","966","1320","1884","1285","1255","1279","1101","1000","1132","1185","972","1214","1095","1161","984","1135","1114","995","1013","1031","1308","910","1017","998","938","1217","985","963","961","1021","1152","3145","1109","986","1065","941","995","1020","832","880","967","1195","1216","1234","1106","1038","1022","1060","1019","968","1052","-","-","984","1139","-"
"1999DD","1037","1035","1069","1158","1169","783","1003","1085","1137","1079","1059","1094","1024","1034","1202","1061","1053","986","975","1097","1009","1069","995","715","969","1289","1800","1300","1302","1183","1105","1000","1122","1118","972","1133","1172","1281","976","1160","1073","1000","1009","1043","1314","900","1018","997","942","1213","1002","976","963","1043","1124","2796","1079","988","1046","950","996","1019","843","924","967","1130","1169","1137","1059","1033","1017","1050","1020","970","1046","-","-","998","1115","-"
"2000DD","1035","1034","1046","1135","1163","804","982","1071","1101","1222","1206","1073","1028","1060","1204","1063","1032","995","986","1091","1019","1073","1007","781","976","1242","1659","1245","1265","1155","1099","1000","1113","1105","973","1119","1168","1268","994","1152","1057","1000","1008","1032","1281","912","1014","999","952","1161","1005","982","970","1043","1102","2328","1064","989","1042","962","999","1017","882","924","967","1149","1163","1101","1206","1031","1012","1045","1018","972","1040","-","-","1000","1098","-"
"2001DD","1025","1029","1037","1142","1184","854","958","1013","1003","1258","1246","1044","1038","1051","1136","1054","1018","1006","1000","1067","1019","1066","1018","778","976","1159","1495","1158","966","1121","1072","1000","1078","1098","980","1109","1090","1151","983","1088","1008","1000","1000","1028","1186","928","1001","999","958","1095","990","983","982","1000","1063","1816","1050","991","1025","959","999","988","897","924","986","1132","1184","1003","1246","1021","1009","1029","1013","979","1024","-","-","987","1063","-"
"2002DD","1009","1010","1024","1163","1195","793","961","1019","1015","1114","1108","1029","1031","1017","1116","1044","1016","993","986","1058","1002","1043","1002","742","976","1107","1341","1108","950","1063","1072","1000","1018","1027","993","1030","1006","1028","967","1045","1000","1000","976","1020","1077","923","1000","998","961","1088","991","984","999","1000","1052","1558","1071","992","1017","976","999","1001","951","924","986","1110","1195","1015","1108","1005","992","1014","999","961","1008","-","-","988","1052","-"
"2003DD","1009","1005","1056","1013","994","850","960","1069","1076","1000","993","1041","1024","1021","1099","1047","1011","1009","1006","1044","999","1025","1002","754","1000","1083","1231","1074","984","1012","1126","1000","1006","975","1000","971","1047","1082","986","1042","1010","1000","1014","1001","1035","1013","996","1000","953","1086","995","990","1001","1000","1031","1347","1064","994","1000","989","999","989","987","982","983","1022","994","1076","993","1009","1002","1010","1019","1004","1009","-","-","995","1031","-"
"2004DD","1003","1007","1042","1016","1011","949","1001","1035","1046","978","977","1020","1016","1002","1033","1011","1011","1002","1000","1020","1004","1028","999","832","1000","1033","1062","1032","992","1007","1074","1000","997","982","1000","979","1009","1030","972","1015","1015","1000","1002","1000","1012","999","999","1001","974","1051","998","995","1001","1000","1002","1109","998","998","997","994","999","994","990","1000","985","1016","1011","1046","977","1003","1006","1004","1007","1000","1004","-","-","999","1002","-"
"2005DD","1000","1001","996","1007","1011","1019","991","1004","1010","981","982","998","995","1003","989","996","1000","1002","1002","999","1003","992","1010","1090","1000","993","977","1025","997","999","991","1000","998","1002","1000","1002","991","991","993","1000","1000","1000","999","1001","995","1000","1002","1000","1008","990","1001","1001","1001","1000","996","955","997","1001","1002","1002","1001","997","1005","1000","1005","1005","1011","1010","982","1000","1000","1000","1000","1001","1000","1011","999","1001","997","992"
"2006DD","1004","1006","979","1057","1060","1032","1009","1016","1019","982","982","972","977","1007","966","987","1006","1002","1002","1005","1022","984","1073","1274","1000","971","916","1020","1007","995","981","1000","1005","994","1000","994","1024","1058","940","993","1001","1000","990","1001","963","993","1003","995","1023","959","1005","1006","1009","1000","1002","821","1055","1004","1011","1016","1010","992","1040","1068","1010","1029","1060","1019","982","1003","1001","1005","1006","1007","1003","1043","998","1005","1001","972"
"2007DD","1012","1028","1002","1096","1098","1049","1011","1023","1053","1124","1123","1015","986","1054","957","994","1007","1003","1001","1019","1036","993","1076","1390","1013","954","854","998","1022","988","998","1003","1014","1027","1000","1030","1005","1035","930","1012","985","1002","992","993","960","1001","1015","1001","1050","942","1013","1016","1025","1000","990","732","1040","1006","1009","1025","1007","992","1074","1092","1015","1087","1098","1053","1123","1008","1015","1015","1016","1014","1010","1078","997","1015","990","958"
"2008DD","1028","1058","1070","1094","1050","1060","1048","1048","1056","1161","1159","1091","1070","1102","963","1035","1013","1018","1015","1051","1092","1028","1159","1605","1051","962","855","885","974","1029","1064","998","1037","1090","990","1101","987","1009","931","1019","992","1012","988","995","927","1002","1014","1005","1045","946","1026","1033","1041","1002","982","608","1029","1008","1019","1028","1006","1008","1049","1092","1025","1074","1050","1056","1159","1026","1055","1031","1037","1025","1029","1122","1005","1030","982","960"
"2009DD","1018","1048","1047","1068","994","1057","1033","1031","1034","1095","1093","1118","1091","1105","949","1040","1003","1032","1030","1055","1045","997","1117","1172","1051","940","834","821","985","1034","1003","992","1038","1080","938","1096","996","1019","939","1045","986","1013","978","987","867","1006","982","976","1001","941","1007","1029","1121","904","963","525","1027","1009","1000","1029","1006","993","1071","1092","1029","1029","994","1034","1093","1017","1053","1015","1047","1040","1015","1035","1004","1020","963","955"
"2010DD","1018","1047","1016","1115","1066","1087","1039","1074","1094","1032","1028","1107","1071","1083","941","1000","993","1043","1042","1045","1044","990","1091","1364","1051","921","800","787","1002","1021","983","992","1011","1001","836","1019","1014","1052","920","1069","977","1017","968","973","817","1009","987","966","1014","936","905","899","1123","904","967","460","1047","1011","1008","1064","1007","981","1102","1303","1064","1068","1066","1094","1028","1016","1043","1013","1047","1049","1010","1053","1001","933","967","953"
"2011DD","","","","","","","","","","","","","","","","","","","","","","","","","","","","","","","","","","","","","","","","","","","","","","","","","","","","","","","","","","","","","","","","","","","","","","","","","","","","","","","",""
"前年比","","","","","","","","","","","","","","","","","","","","","","","","","","","","","","","","","","","","","","","","","","","","","","","","","","","","","","","","","","","","","","","","","","","","","","","","","","","","","","","",""
"1970NN","-","-","-","-","-","-","-","-","-","-","-","-","-","-","-","-","-","-","-","-","-","-","-","-","-","-","-","-","-","-","-","-","-","-","-","-","-","-","-","-","-","-","-","-","-","-","-","-","-","-","-","-","-","-","-","-","-","-","-","-","-","-","-","-","-","-","-","-","-","-","-","-","-","-","-","-","-","-","-","-"
"1971NN","62","66","30","184","246","17","53","-4","-65","-33","-32","64","117","93","18","52","148","34","34","33","31","-1","58","138","-","33","-4","76","48","43","82","0","121","132","151","127","82","36","118","85","32","164","17","21","119","8","32","81","9","10","64","42","147","-","90","40","61","147","96","51","126","14","95","0","0","67","246","-65","-32","61","64","64","34","35","63","-","-","-","-","-"
"1972NN","72","60","79","39","31","30","73","46","-4","28","23","26","117","180","7","0","124","243","298","99","9","-2","30","6","-","14","-23","26","75","36","-12","91","55","53","111","34","88","116","68","49","81","85","89","38","52","115","19","21","16","21","89","111","11","-","62","-20","62","51","103","65","175","9","71","0","0","19","31","-4","23","78","73","56","115","138","61","-","-","-","-","-"
"1973NN","127","127","86","132","107","314","86","211","253","-31","-33","101","118","140","-7","45","84","174","165","267","36","7","95","44","-","148","121","77","190","203","130","215","227","264","291","256","160","-44","311","147","137","177","-5","46","59","-31","51","64","87","1","117","123","101","-","102","21","155","128","100","96","272","-59","120","0","100","111","107","253","-33","130","131","124","201","110","126","-","-","-","-","-"
"1974NN","252","279","226","314","310","176","315","318","344","307","312","344","680","279","191","151","208","156","9","517","279","203","358","603","-","424","472","262","252","530","485","329","360","360","182","421","347","314","364","575","337","258","80","49","481","62","170","174","311","4","141","126","194","-","234","217","280","373","150","184","257","150","396","0","91","321","310","344","312","244","267","272","357","98","265","-","-","-","-","-"
"1975NN","111","121","228","101","100","136","63","-11","-73","154","158","141","81","123","118","80","185","89","77","111","113","44","171","163","-","55","64","45","-70","80","-63","499","97","128","52","150","50","87","30","28","77","129","137","172","70","130","90","146","96","10","189","173","246","-","119","43","74","164","139","107","190","66","113","0","0","59","100","-73","158","117","141","114","103","82","119","-","-","-","-","-"
"1976NN","98","105","105","146","186","173","25","135","214","77","79","-8","16","33","102","103","93","73","74","69","106","73","33","76","-","8","-33","65","65","35","-12","56","104","136","163","130","76","106","33","68","133","94","100","69","36","124","106","179","72","101","160","223","9","-","51","-4","26","31","96","190","127","51","20","490","925","168","186","214","79","92","87","100","79","92","93","-","-","135","-","-"
"1977NN","73","68","86","161","116","16","54","20","-37","110","110","-9","-10","76","124","17","89","56","52","66","108","94","111","22","-","60","14","100","65","62","53","194","23","-47","100","-82","92","101","79","100","61","99","85","73","69","94","165","110","24","486","133","177","9","96","61","17","48","22","104","60","104","127","16","0","232","67","116","-37","110","72","68","75","57","47","74","-","-","118","-","-"
"1978NN","36","34","42","73","35","27","-50","39","3","-16","-16","8","4","16","58","58","41","41","64","-28","0","-20","-5","-1","-","22","52","12","-5","25","-3","6","22","16","72","-1","26","15","41","28","-17","47","109","25","33","153","16","64","-22","28","116","174","38","20","37","7","18","57","45","27","68","33","5","0","0","14","35","3","-16","38","40","34","7","56","37","-","-","93","-","-"
"1979NN","34","25","2","17","35","60","-12","74","110","-32","-32","-37","-6","-26","-59","19","71","13","7","34","22","0","29","184","-","11","-10","0","25","19","18","46","50","58","-66","97","33","53","4","37","-16","79","14","32","15","8","51","104","57","0","108","164","18","0","30","9","18","48","32","49","132","22","30","0","0","41","35","110","-32","33","20","35","23","9","35","-","-","88","-","-"
"1980NN","76","70","70","0","-5","126","70","177","226","-17","-18","67","30","35","10","80","64","4","-38","143","293","313","329","556","-","89","37","17","32","174","136","134","73","64","52","67","80","94","58","101","54","108","12","35","29","1","54","68","86","-1","98","131","26","30","79","28","94","113","66","106","79","2","217","145","0","61","-5","226","-18","78","71","84","77","-14","86","-","-","84","-","-"
"1981NN","44","41","61","15","4","23","52","28","23","166","172","46","60","-5","27","78","35","23","25","16","56","79","43","47","-","26","67","-109","27","37","71","1","49","51","18","59","53","48","61","50","-9","66","15","43","13","5","30","67","19","-4","122","124","101","123","49","9","47","76","51","36","44","23","13","61","0","45","4","23","172","43","40","45","24","34","45","-","-","100","54","-"
"1982NN","26","13","48","33","62","-3","-56","-75","-115","-63","-67","6","92","-14","28","25","59","90","109","6","9","0","2","96","-","18","2","-53","52","14","0","131","5","10","-2","13","-13","-26","10","2","32","20","18","39","20","11","53","99","51","-11","63","85","19","34","26","-6","28","15","38","17","22","24","23","0","0","-24","62","-115","-67","31","24","21","37","81","26","-","-","62","36","-"
"1983NN","30","30","17","66","98","15","-19","66","82","3","4","8","38","9","3","27","32","81","93","17","-3","0","1","-28","-","3","12","-89","8","30","13","0","27","23","17","23","65","98","8","-36","47","3","12","40","39","-8","0","17","-15","-9","86","55","1","146","18","-33","23","16","30","34","18","19","7","80","188","73","98","82","4","26","19","25","40","66","21","-","-","68","18","-"
"1984NN","19","19","39","-11","-15","-10","6","66","41","59","62","13","-5","-17","17","93","23","24","23","29","-8","0","-3","-70","-","3","0","3","-5","25","-9","0","35","44","99","31","48","70","3","18","-7","14","20","59","11","7","14","64","-17","-23","49","57","12","43","14","18","-8","5","25","15","31","9","-61","37","278","17","-15","41","62","19","20","18","28","29","19","-","-","39","24","-"
"1985NN","16","8","14","-16","-33","7","5","-36","-47","109","106","10","3","55","28","23","6","16","17","16","-3","0","8","-59","-","-4","13","3","-92","12","-10","1","40","91","185","68","-15","-38","32","12","63","7","57","24","2","88","19","41","14","-13","33","56","6","0","20","10","29","14","23","9","0","18","27","0","59","-6","-33","-47","106","19","12","16","20","25","18","-","-","31","25","-"
"1986NN","6","3","13","44","65","-6","5","-7","-12","-112","-119","6","2","14","15","0","1","-1","-4","17","-51","-46","-42","-184","0","-6","-11","13","-4","-12","-4","1","39","44","-2","46","54","60","42","25","4","3","21","12","-3","31","-4","45","-28","-4","3","6","1","0","46","-18","1","40","83","13","9","0","-35","74","0","-2","65","-12","-119","7","4","7","10","6","8","-","-","6","46","-"
"1987NN","-8","-22","6","-60","-81","-13","-90","-21","-29","-62","-61","-49","5","-24","-27","0","0","5","5","8","-70","-66","-52","-289","0","-21","-46","-24","-19","1","-9","1","16","8","32","7","30","52","-14","36","12","2","24","37","0","25","5","24","-1","-5","9","13","18","0","10","-50","8","18","18","9","7","3","-21","34","250","-61","-81","-29","-61","-5","-12","-9","12","13","-5","-","-","14","12","-"
"1988NN","2","6","-3","-3","-41","2","11","95","166","-65","-65","-1","-12","3","-36","0","8","-6","-9","8","-23","-20","-25","-95","1","-15","-21","-32","-79","40","-37","0","18","23","-3","25","24","34","1","0","-4","3","3","10","6","-1","-4","10","-5","-15","13","20","3","0","4","-89","22","5","12","9","33","1","-6","0","66","21","-41","166","-65","1","2","3","5","5","2","-","-","16","6","-"
"1989NN","20","23","20","22","44","28","58","20","-12","44","44","10","10","38","24","-36","31","19","19","21","-10","-17","-2","-44","21","3","2","-41","29","42","-44","18","42","50","17","51","31","31","27","24","44","48","11","11","18","9","3","19","-8","3","46","42","23","59","36","-27","14","95","35","14","17","19","19","0","0","24","44","-12","44","20","23","21","25","27","21","-","-","42","32","-"
"1990NN","27","37","6","6","33","38","61","87","141","154","156","55","20","16","-2","22","38","20","16","50","21","-7","34","269","10","-1","-41","52","77","20","-20","7","37","60","8","63","19","28","2","-9","44","24","-3","-5","-67","12","13","24","17","-7","49","35","17","77","31","-22","34","25","39","16","29","-8","47","0","0","95","33","141","156","22","24","28","27","10","22","-","-","39","29","-"
"1991NN","35","44","33","40","49","30","12","62","81","138","138","104","22","53","13","22","41","33","29","51","33","0","54","158","71","21","-21","11","19","55","91","4","46","50","75","48","48","54","33","52","22","31","6","25","6","1","17","10","36","-21","67","52","75","89","27","-31","53","30","26","22","10","22","50","1","0","79","49","81","138","32","35","36","35","18","32","-","-","55","24","-"
"1992NN","15","7","14","33","-23","-10","-14","-105","-174","23","22","-1","24","49","57","-3","29","30","25","58","49","0","9","-1","321","16","-26","1","-4","36","-3","118","-12","-28","141","-39","-13","-39","50","4","-4","18","44","3","74","43","1","27","-3","-22","43","60","7","22","27","23","-8","103","19","0","14","-3","-13","4","0","-63","-23","-174","22","21","24","14","40","19","20","-","-","37","27","-"
"1993NN","13","17","39","-2","-9","10","-26","116","146","-147","-151","-4","20","44","26","-2","25","10","7","31","1","-2","8","9","0","4","-12","-7","27","7","-26","53","-27","-45","7","-50","-28","-35","-11","-16","11","10","0","-5","-14","22","2","1","13","-25","38","50","38","16","48","-81","29","15","92","-3","10","0","-24","2","167","1","-9","146","-151","14","22","14","23","14","16","-","-","34","43","-"
"1994NN","11","26","184","-24","-57","-1","6","2","-35","99","104","-2","6","34","-3","23","9","7","4","15","-16","-9","-31","-57","0","-16","-55","11","0","12","-22","0","-19","-34","-1","-37","-17","-20","-10","-13","22","2","-5","-11","-34","20","-3","11","0","-32","34","53","19","5","20","-120","-5","49","44","9","14","2","19","2","0","-15","-57","-35","104","13","35","12","17","19","14","-","-","33","15","-"
"1995NN","-10","-30","-170","-39","-47","-25","0","-2","0","-5","3","-2","-7","1","5","12","-8","6","7","4","0","0","3","-8","0","-31","-54","-3","-66","-5","-50","0","-7","-27","-2","-29","16","22","6","-1","1","0","7","3","-10","16","3","15","-18","44","17","27","0","0","-2","-128","8","10","5","6","25","-3","-1","0","81","-19","-47","0","3","-10","-33","-12","13","22","-12","-","-","14","-3","-"
"1996NN","0","1","0","15","43","-7","16","-17","-21","6","8","-12","16","3","7","1","-1","11","11","14","-8","-17","1","1","0","-28","-45","-9","-26","-27","-26","0","19","31","1","37","19","12","35","13","-24","0","4","-7","-15","14","-14","15","-27","-13","9","16","8","0","-17","-144","-20","5","4","7","16","-4","13","0","89","13","43","-21","8","-1","-1","-1","24","32","-2","-","-","8","-12","-"
"1997NN","16","16","21","13","-14","22","27","-10","-29","-29","-34","4","22","13","14","6","39","2","0","21","44","33","75","53","28","9","36","-15","-31","23","-25","15","35","39","11","43","31","44","0","47","4","49","53","7","1","89","-3","16","-13","-5","20","16","21","26","10","-72","2","25","25","33","80","9","12","17","0","-24","-14","-29","-34","18","25","19","20","17","22","-","-","22","8","-"
"1998NN","4","22","-14","44","102","-7","-6","121","186","91","94","4","19","8","18","-9","-6","-30","-32","-4","8","-25","13","-92","146","23","-40","45","16","107","-22","137","5","32","13","35","-48","-69","6","23","-5","15","85","0","-12","147","-21","11","-39","-19","14","16","18","11","0","-60","8","8","3","8","20","-3","5","10","0","127","102","186","94","-3","-3","12","-14","-21","3","-","-","14","0","-"
"1999NN","-5","-6","-2","-8","-25","-43","-12","-28","-43","8","8","3","29","3","27","-1","-2","-6","-6","-4","-12","-16","-21","-132","40","-12","-34","24","29","-56","-1","38","1","-14","7","-17","30","54","-23","18","-50","5","-2","11","3","-8","-3","1","-4","-5","16","14","5","17","-18","-74","-22","3","-14","13","0","-4","17","71","0","-23","-25","-43","8","-4","-1","-5","-3","-3","-3","-","-","15","-16","-"
"2000NN","-5","-12","-22","-43","-45","-13","-5","-36","-67","38","41","-14","1","26","10","1","-17","10","10","-2","12","7","7","105","10","-28","-64","-27","22","-39","0","0","-18","-46","0","-54","17","15","23","8","-16","1","-3","-4","-11","-1","-1","0","10","-29","6","8","4","5","-19","-156","-24","1","-5","10","4","3","35","0","0","-33","-45","-67","41","-3","-7","-9","0","3","-7","-","-","4","-15","-"
"2001NN","-6","5","-14","26","54","50","-32","-18","-28","145","153","-28","13","2","-41","-3","-14","10","14","-22","-1","-11","16","32","0","-70","-110","-77","-232","-24","-21","0","-19","4","7","4","-45","-63","-5","-52","-40","0","-5","-8","-75","29","-12","1","10","-59","-10","3","15","-31","-33","-229","0","2","-16","0","0","-28","29","0","15","47","54","-28","153","-9","-4","-10","-6","6","-14","-","-","-8","-30","-"
"2002NN","-15","-16","-6","18","14","2","2","-51","-81","-104","-101","-14","-1","-40","-40","-12","-5","-7","-7","-11","-10","-10","-12","-71","0","-49","-99","-34","-72","-51","-18","0","-52","-44","10","-49","-91","-126","-16","-47","-19","0","-21","-2","-79","-9","-4","0","1","-18","-3","1","13","-10","-18","-156","6","0","-9","13","0","4","47","0","5","-44","14","-81","-101","-13","-10","-16","-12","-12","-14","-","-","-5","-16","-"
"2003NN","-6","-13","1","-120","-164","-23","1","93","133","-103","-103","4","-16","3","4","6","-5","5","7","-10","-11","-28","-5","25","19","-24","-80","-58","39","-49","56","0","-28","-69","12","-77","22","29","6","-9","6","0","24","-23","-60","79","-1","0","-1","0","3","5","8","0","-14","-131","8","2","-13","12","0","-3","34","41","-3","-58","-164","133","-103","-3","-3","-8","10","23","-4","-","-","8","-15","-"
"2004NN","-2","3","35","-10","0","138","21","-42","-53","-110","-108","-8","1","-12","-61","-35","2","4","6","-21","3","1","-3","39","6","-37","-131","4","12","-16","-19","0","-6","-10","0","-10","-7","-12","3","-10","15","0","-1","-2","-26","9","0","1","8","-15","3","5","0","0","-33","-171","-67","4","-8","9","0","-4","19","39","0","-43","0","-53","-108","0","12","-4","1","17","-2","-","-","3","-31","-"
"2005NN","-5","-7","-63","-22","-17","79","17","-34","-37","78","82","-28","-21","-8","-46","-15","-13","-6","-4","-26","0","-25","2","272","0","-47","-89","-64","12","-6","-89","0","1","29","0","33","-28","-54","20","-28","-20","0","-4","0","-14","-3","1","0","35","-67","3","6","-1","0","-6","-141","-2","3","3","8","1","10","10","0","17","-3","-17","-37","82","-6","-8","-5","-13","-5","-6","-","-","3","-7","-"
"2006NN","3","4","-17","39","40","30","-2","34","49","-21","-20","-21","-21","-1","-31","-15","4","2","2","4","23","-13","65","288","0","-24","-73","24","-6","5","-18","0","1","-2","0","-2","7","31","-51","-6","-3","0","-8","3","-30","-8","4","-3","23","-37","4","5","5","0","0","-147","41","4","9","12","8","-6","24","46","11","31","40","49","-20","2","-1","4","4","5","2","45","-2","3","1","-26"
"2007NN","6","17","3","50","56","17","11","-17","-15","118","114","16","-4","46","-12","8","1","1","0","11","5","3","8","14","0","-18","-67","-1","43","-25","15","2","5","7","0","8","3","10","-17","14","-3","1","1","-9","-7","9","3","2","13","-20","7","9","18","0","-8","-114","4","2","-1","12","1","-7","58","43","2","41","56","-15","114","3","11","6","10","9","4","14","-1","10","-9","-14"
"2008NN","17","29","76","0","-39","9","40","19","16","49","52","84","83","39","6","32","9","8","6","27","54","24","56","312","51","0","-8","-129","-61","46","42","-1","28","75","0","83","-19","-22","-8","10","-8","9","-4","0","-21","-1","20","7","31","1","12","15","2","2","-7","-161","-10","1","12","4","-3","22","-29","1","10","-1","-39","16","52","19","37","20","17","7","22","73","6","13","-7","-1"
"2009NN","-6","2","-1","-14","-47","-4","-15","6","-7","-31","-34","28","31","27","-8","17","-7","19","19","13","-25","0","4","-334","0","-10","-22","-49","15","9","-10","-9","3","6","-57","12","-3","-10","16","19","-2","2","-8","-2","-70","6","-48","-23","-70","-2","-11","1","86","-73","-20","-140","-14","2","-18","-2","0","-14","0","0","5","-29","-47","-7","-34","-5","9","-12","14","14","-11","-88","1","-3","-20","-2"
"2010NN","-2","-5","-37","25","43","39","3","25","41","-64","-65","5","-14","-26","-17","-32","-15","11","14","-9","-13","-23","-40","149","0","-24","-32","-77","5","-10","-45","0","-12","-49","-86","-44","22","37","-18","32","5","5","-12","-15","-60","2","8","-15","18","-5","-80","-95","9","-27","0","-136","24","1","3","22","0","-7","52","96","18","18","43","41","-65","-3","-10","-5","4","14","-6","9","-2","-66","0","-4"
"2011NN","4","-5","7","13","26","-27","3","-2","-3","-34","-36","-22","-3","-9","-2","-13","5","9","9","-3","24","19","20","159","0","-24","-85","42","-20","-11","5","-2","-23","-34","-31","-35","-27","-39","8","1","0","0","-4","-19","-7","2","11","2","18","-4","-29","-27","0","-39","4","-74","1","3","12","45","1","-17","-7","264","50","3","26","-3","-36","4","-6","3","-1","2","2","46","2","-24","5","0"
"前年度比","","","","","","","","","","","","","","","","","","","","","","","","","","","","","","","","","","","","","","","","","","","","","","","","","","","","","","","","","","","","","","","","","","","","","","","","","","","","","","","",""
"1970DD","-","-","-","-","-","-","-","-","-","-","-","-","-","-","-","-","-","-","-","-","-","-","-","-","-","-","-","-","-","-","-","-","-","-","-","-","-","-","-","-","-","-","-","-","-","-","-","-","-","-","-","-","-","-","-","-","-","-","-","-","-","-","-","-","-","-","-","-","-","-","-","-","-","-","-","-","-","-","-","-"
"1971DD","59","61","27","137","180","15","90","-21","-96","17","17","51","97","79","20","34","155","43","2","55","34","-2","79","109","-","23","-9","64","45","28","48","17","100","111","158","98","76","62","85","78","29","141","24","20","75","21","28","55","13","16","59","41","130","-","90","21","41","171","104","49","119","15","84","0","0","51","180","-96","17","60","65","60","47","34","61","-","-","-","-","-"
"1972DD","83","68","104","45","29","75","70","90","55","-51","-56","27","119","170","-5","0","96","313","400","103","8","-2","30","3","-","26","-6","20","93","56","-8","90","65","64","124","45","75","37","104","52","94","92","86","50","73","103","22","31","20","16","107","136","10","-","51","-19","77","26","82","70","193","-5","80","0","0","14","29","55","-56","92","83","62","139","193","69","-","-","-","-","-"
"1973DD","170","185","95","196","170","332","139","313","397","70","69","184","276","170","62","73","129","139","66","409","78","27","159","151","-","260","230","149","256","321","317","264","311","345","328","351","253","64","382","288","206","214","-18","46","157","-56","80","86","151","0","119","117","131","-","150","72","218","180","137","110","264","-31","174","0","150","209","170","397","69","165","178","177","266","67","174","-","-","-","-","-"
"1974DD","215","228","252","258","257","133","263","145","106","314","319","292","482","270","125","152","189","139","24","384","280","226","333","550","-","317","382","198","129","416","247","467","271","253","94","307","269","282","261","409","270","235","124","51","362","134","168","199","271","7","155","130","245","-","213","194","220","406","121","194","280","150","381","0","43","234","257","106","319","215","231","229","286","107","231","-","-","-","-","-"
"1975DD","103","118","190","102","115","178","28","57","44","77","79","96","57","79","135","86","173","85","88","77","83","6","105","101","-","22","13","43","-57","43","-55","287","91","156","114","167","27","53","13","10","59","110","108","205","49","74","82","129","79","22","178","186","152","-","94","12","47","78","155","117","166","63","58","120","0","81","115","44","79","104","127","104","81","87","105","-","-","-","-","-"
"1976DD","96","92","102","137","162","100","59","89","125","172","176","-15","6","60","97","66","98","70","66","81","120","116","65","64","-","26","-32","71","102","37","19","119","104","106","148","97","110","155","46","89","161","104","116","38","24","168","121","160","62","199","176","246","12","-","53","4","61","35","77","155","111","65","21","327","1268","153","162","125","176","91","75","99","81","82","93","-","-","152","-","-"
"1977DD","63","62","76","168","112","39","10","26","-34","-13","-15","-5","-8","43","143","26","72","52","53","51","87","52","84","16","-","53","32","101","31","71","31","129","7","-55","93","-92","60","45","83","88","24","89","85","76","90","87","135","94","13","387","118","157","12","83","56","13","12","20","114","51","99","109","13","0","45","38","112","-34","-15","66","69","63","46","41","66","-","-","106","-","-"
"1978DD","29","24","25","34","6","12","-45","24","-12","59","60","-2","3","23","-1","64","47","35","60","-46","-23","-40","-20","-13","-","15","44","-13","1","9","-1","4","25","29","15","32","31","37","21","6","-23","26","85","17","15","122","8","78","-29","0","116","180","39","0","29","10","12","73","20","32","89","33","-5","0","0","13","6","-12","60","29","28","27","-3","55","28","-","-","90","-","-"
"1979DD","47","45","12","32","68","91","20","200","326","-96","-99","-16","-5","-31","-42","9","63","10","-8","74","76","42","95","382","-","27","-13","13","19","51","48","92","60","56","-21","79","40","61","9","82","-3","117","10","36","17","0","68","94","106","0","106","161","12","0","36","13","42","29","43","46","91","11","93","0","0","101","68","326","-99","43","27","51","40","-1","46","-","-","88","-","-"
"1980DD","73","60","77","-9","-31","107","86","46","9","102","106","74","46","58","13","99","70","3","-41","140","307","382","316","368","-","89","54","6","42","165","141","87","74","80","40","91","78","80","74","62","51","90","11","33","27","1","33","61","42","-2","95","121","38","39","90","18","102","158","67","124","109","6","171","199","0","12","-31","9","106","80","78","81","75","-16","88","-","-","81","-","-"
"1981DD","34","29","58","10","7","8","-8","-4","-18","113","116","37","75","-21","36","75","30","33","44","-17","7","2","0","59","-","17","50","-142","55","28","41","34","30","26","15","29","30","20","48","59","-22","61","17","46","10","8","47","87","45","-4","134","125","107","151","34","21","18","36","46","21","25","27","15","14","0","24","7","-18","116","34","31","32","10","47","34","-","-","109","42","-"
"1982DD","28","17","41","66","116","0","-42","-43","-65","-115","-122","-5","71","-18","19","6","60","116","137","23","8","0","3","77","-","15","6","-20","24","2","4","95","9","28","-3","35","-20","-36","9","-24","59","8","17","39","27","6","40","79","33","-8","41","70","0","0","23","-29","34","19","33","14","21","18","17","0","0","4","116","-65","-122","29","21","21","54","94","22","-","-","46","32","-"
"1983DD","29","35","21","32","45","11","4","131","164","66","71","18","29","19","4","45","25","49","56","17","-7","0","-1","-67","-","6","6","-78","27","48","9","0","25","6","27","0","86","134","4","-16","23","2","9","31","36","-8","-7","14","-27","-16","102","52","4","196","19","-8","22","12","28","43","27","22","-6","109","250","83","45","164","71","25","22","27","30","45","21","-","-","76","18","-"
"1984DD","15","9","31","-16","-30","-4","-23","-37","-99","126","130","7","-3","-17","18","93","21","27","28","23","-6","0","-2","-53","-","-4","-3","1","-44","19","-14","0","43","79","148","63","15","20","6","19","20","19","34","73","5","28","19","67","-5","-22","33","58","9","0","12","10","-15","5","27","7","19","11","-48","9","286","-17","-30","-99","130","20","16","15","27","31","18","-","-","28","24","-"
"1985DD","18","11","13","7","8","0","40","31","63","-38","-48","17","1","66","32","6","3","12","11","18","-3","0","10","-70","-","-1","21","1","-80","2","-8","1","44","77","124","65","24","9","51","4","43","4","46","13","1","73","23","47","13","-7","33","55","6","0","23","7","43","19","19","8","0","10","34","0","0","10","8","63","-48","16","11","18","18","20","19","-","-","31","31","-"
"1986DD","-3","-9","14","25","38","-6","-38","-81","-125","-77","-82","-13","3","4","6","0","0","-1","-4","17","-77","-73","-68","-252","0","-8","-18","1","9","-9","-7","1","31","24","6","24","50","66","17","38","4","2","29","21","-2","39","-12","36","-37","-6","-4","-6","2","0","37","-22","-11","46","68","19","13","5","-46","102","0","-41","38","-125","-82","1","-1","-2","10","6","1","-","-","-1","38","-"
"1987DD","-5","-17","0","-69","-107","-19","-60","56","99","-90","-91","-41","0","-22","-36","0","0","0","-1","5","-47","-43","-32","-209","0","-21","-48","-24","-33","11","-9","1","17","15","24","15","27","42","-3","26","7","2","15","30","-1","12","9","20","8","-4","14","21","19","0","9","-63","19","10","17","6","6","1","-5","8","333","-42","-107","99","-91","-3","-11","-5","8","10","-2","-","-","19","11","-"
"1988DD","5","12","0","14","-4","20","10","66","107","-10","-8","5","-15","11","-30","0","11","-1","-2","10","-22","-16","-30","-111","2","-19","-12","-58","-84","35","-50","0","23","27","-4","29","27","39","1","2","2","4","3","6","9","-1","-6","7","-6","-19","12","19","0","0","6","-79","12","17","13","9","37","3","-11","0","0","33","-4","107","-8","3","8","6","11","11","4","-","-","15","6","-"
"1989DD","25","26","25","13","39","27","78","36","13","54","53","11","25","38","34","-45","36","22","20","28","-6","-24","10","21","28","12","-3","17","64","54","-52","24","48","60","22","62","34","37","26","18","59","64","10","12","4","12","6","27","-10","13","57","49","31","79","42","-31","33","94","41","17","18","21","36","0","0","32","39","13","53","25","25","25","25","25","25","-","-","50","39","-"
"1990DD","31","45","9","26","45","39","52","96","168","161","164","84","17","22","-3","41","49","20","14","56","32","0","54","323","2","2","-45","26","70","17","33","1","33","53","5","55","16","22","4","11","30","9","0","-1","-57","12","18","22","32","-16","47","31","24","77","29","-16","31","17","39","13","29","-11","36","0","0","112","45","168","164","24","29","32","27","9","26","-","-","37","27","-"
"1991DD","32","33","28","41","46","14","1","13","-10","160","158","74","18","54","13","14","31","39","37","55","36","0","34","48","174","14","-18","14","5","45","63","1","41","43","131","36","40","36","49","45","22","38","12","23","22","1","9","14","18","-22","70","56","66","93","28","6","43","49","18","20","7","22","48","3","0","51","46","-10","158","31","29","32","41","25","29","-","-","59","26","-"
"1992DD","10","2","17","15","-46","-10","-17","-92","-154","-83","-86","-5","26","44","70","-7","32","24","18","50","37","0","12","18","205","23","-20","-6","1","35","-14","161","-22","-39","87","-48","-20","-39","27","-13","-7","10","35","-2","55","50","1","20","2","-25","36","62","0","0","21","-9","-4","83","21","-4","15","-7","-27","2","42","-90","-46","-154","-86","17","24","9","33","14","17","-","-","30","22","-"
"1993DD","18","30","72","15","10","15","-22","160","207","-93","-96","-3","17","52","11","0","21","7","3","28","-4","-5","-5","-9","0","-8","-31","4","36","5","-27","13","-26","-47","5","-51","-25","-31","-10","-8","21","10","0","-6","-16","17","1","4","11","-30","37","46","53","22","61","-84","25","20","117","2","11","4","-13","3","120","44","10","207","-96","16","28","20","22","16","18","-","-","35","53","-"
"1994DD","4","8","102","-54","-87","-11","10","-32","-73","120","129","-5","2","15","-6","31","6","6","6","13","-12","-6","-22","-43","0","-14","-39","7","-31","14","-23","0","-16","-28","-2","-31","-11","-14","-4","-13","5","0","-2","-8","-32","22","-3","8","-6","-10","33","55","4","0","6","-144","-1","42","20","9","16","0","17","1","0","-37","-87","-73","129","7","17","4","14","16","7","-","-","31","1","-"
"1995DD","-11","-28","-141","-19","-9","-22","-1","-14","-19","-64","-61","2","-6","5","16","3","-13","6","7","3","-3","-6","2","-18","0","-38","-67","-10","-61","-16","-54","0","-3","-17","-1","-20","15","15","16","-3","19","0","5","3","-11","9","5","24","-18","37","11","18","0","0","-12","-119","-5","8","-12","4","20","-6","1","0","125","-25","-9","-19","-61","-11","-28","-13","14","28","-12","-","-","9","-9","-"
"1996DD","2","6","6","15","33","-21","18","-8","-6","84","87","-16","19","-1","-1","0","4","8","7","12","0","-7","5","30","4","-22","-34","-11","-37","-13","-20","0","27","40","2","48","31","32","26","21","-40","0","6","-7","-17","18","-19","8","-31","-22","9","16","7","0","-11","-109","-14","6","6","8","21","-3","10","0","45","31","33","-6","87","0","-1","2","21","28","-1","-","-","9","-9","-"
"1997DD","19","21","12","24","17","52","35","12","0","-101","-107","10","28","20","23","5","47","-2","-4","26","46","29","91","21","29","25","56","-1","-4","56","-31","20","28","24","11","26","19","26","4","62","15","65","86","9","5","144","1","23","-10","1","24","16","26","34","14","-66","-1","28","32","39","92","13","15","23","0","-19","17","0","-107","21","32","24","16","9","28","-","-","24","13","-"
"1998DD","0","19","-5","26","63","-25","-24","118","182","179","185","1","21","3","16","-9","-15","-34","-36","-15","4","-31","-11","-123","186","18","-54","46","8","72","-15","175","3","48","19","53","-66","-89","-8","8","-26","1","49","0","-15","85","-23","5","-40","-20","11","16","14","4","-4","-61","11","3","-5","4","2","-8","7","23","0","131","63","182","185","-8","-8","7","-19","-23","-3","-","-","13","-4","-"
"1999DD","-8","-15","-13","-20","-39","-64","3","-54","-78","-41","-42","3","19","5","29","0","-2","2","2","1","-13","-11","-16","-66","2","-24","-44","12","37","-75","3","0","-9","-57","0","-67","70","104","-9","22","-37","5","-4","12","4","-11","1","-1","4","-3","17","13","3","21","-24","-111","-26","2","-17","10","1","-1","13","51","0","-54","-39","-78","-42","-5","-5","-10","1","2","-6","-","-","14","-21","-"
"2000DD","-1","-2","-22","-19","-7","27","-20","-9","-26","86","89","-19","3","31","-2","2","-20","8","10","-5","11","4","10","91","7","-36","-75","-39","-30","-23","-4","0","-6","-8","2","-10","6","2","20","-9","-25","0","2","-12","-18","11","-3","1","11","-44","3","6","7","0","-13","-129","-17","2","-3","14","3","-1","56","0","0","9","-7","-26","89","-1","-5","-3","-1","2","-4","-","-","2","-11","-"
"2001DD","-10","-5","-9","6","19","63","-24","-54","-89","30","33","-27","10","-9","-56","-8","-14","11","14","-22","0","-7","11","-3","0","-67","-99","-69","-236","-30","-25","0","-32","-7","7","-9","-67","-92","-11","-55","-46","0","-8","-4","-74","18","-13","0","7","-57","-15","1","12","-41","-35","-220","-13","2","-16","-3","0","-29","17","0","20","-15","19","-89","33","-10","-3","-15","-5","7","-15","-","-","-13","-32","-"
"2002DD","-15","-18","-12","19","9","-72","3","6","12","-114","-111","-14","-7","-32","-18","-10","-2","-13","-14","-8","-17","-21","-16","-46","0","-45","-103","-44","-16","-52","0","0","-56","-64","14","-71","-77","-107","-16","-39","-8","0","-24","-8","-92","-5","-1","-1","3","-6","1","1","18","0","-10","-142","20","1","-8","18","0","13","60","0","0","-20","9","12","-111","-15","-17","-15","-14","-18","-15","-","-","1","-10","-"
"2003DD","0","-5","31","-129","-168","73","-1","49","60","-103","-104","12","-7","4","-15","3","-4","16","20","-13","-3","-18","0","16","25","-22","-82","-31","36","-48","50","0","-12","-51","7","-57","41","53","19","-3","10","0","39","-18","-39","97","-4","2","-9","-2","4","6","2","0","-20","-135","-7","2","-16","14","0","-12","38","62","-4","-79","-168","60","-104","4","10","-3","20","44","1","-","-","7","-20","-"
"2004DD","-6","2","-13","2","17","116","42","-32","-28","-22","-17","-20","-7","-19","-60","-34","0","-7","-6","-23","5","3","-3","104","0","-47","-138","-39","8","-5","-46","0","-9","8","0","8","-36","-48","-14","-26","5","0","-12","-1","-23","-13","3","1","23","-33","3","5","0","0","-28","-177","-62","4","-3","5","0","5","4","19","2","-7","17","-28","-17","-6","4","-6","-12","-4","-5","-","-","4","-28","-"
"2005DD","-2","-6","-43","-9","-2","72","-11","-29","-30","13","15","-23","-20","-6","-39","-15","-12","0","2","-20","-1","-35","11","310","0","-37","-79","-21","4","-10","-75","0","-3","12","0","15","-20","-43","26","-14","-24","0","-3","0","-18","1","7","-1","37","-49","3","6","0","0","-4","-128","0","3","3","8","2","3","14","0","29","-9","-2","-30","15","-2","-6","-4","-7","1","-3","-","-","1","-3","-"
"2006DD","4","5","-17","50","48","13","18","12","9","1","0","-26","-18","4","-23","-9","6","0","0","6","19","-8","62","169","0","-22","-62","-5","10","-4","-10","0","7","-8","0","-8","33","68","-53","-7","1","0","-9","0","-32","-7","1","-5","15","-31","4","5","8","0","6","-140","58","3","9","14","9","-5","35","68","5","24","48","9","0","3","1","5","6","6","3","32","-1","4","4","-20"
"2007DD","8","22","23","37","36","16","2","7","33","145","144","44","9","47","-9","7","1","1","-1","14","14","9","3","91","13","-18","-68","-22","15","-7","17","3","9","33","0","36","-19","-22","-11","19","-16","2","2","-8","-3","8","12","6","26","-18","8","10","16","0","-12","-108","-14","2","-2","9","-3","0","33","22","5","56","36","33","144","5","14","10","10","7","7","34","-1","10","-11","-14"
"2008DD","16","29","68","-2","-44","10","37","24","3","33","32","75","85","46","6","41","6","15","14","31","54","35","77","155","38","8","1","-113","-47","41","66","-5","23","61","-10","69","-18","-25","1","7","7","10","-4","2","-34","1","-1","4","-5","4","13","17","16","2","-8","-169","-11","2","10","3","-1","16","-23","0","10","-12","-44","3","32","18","39","16","21","11","19","41","8","15","-8","2"
"2009DD","-10","-9","-21","-24","-53","-3","-14","-16","-21","-57","-57","25","20","3","-15","5","-10","14","15","4","-43","-30","-36","-270","0","-23","-25","-72","11","5","-57","-6","1","-9","-53","-5","9","10","9","26","-6","1","-10","-8","-65","4","-32","-29","-42","-5","-19","-4","77","-98","-19","-137","-2","1","-19","1","0","-15","21","0","4","-42","-53","-21","-57","-9","-2","-16","10","15","-14","-78","-1","-10","-19","-5"
"2010DD","0","-1","-30","44","72","28","6","42","58","-58","-59","-10","-18","-20","-8","-38","-10","11","12","-9","-1","-7","-23","164","0","-20","-41","-41","17","-13","-20","0","-26","-73","-109","-70","18","32","-20","23","-9","4","-10","-14","-58","3","5","-10","13","-5","-101","-126","2","0","4","-124","19","2","8","34","1","-12","29","193","34","38","72","58","-59","-1","-9","-2","0","9","-5","17","-3","-85","4","-2"
"2011DD","","","","","","","","","","","","","","","","","","","","","","","","","","","","","","","","","","","","","","","","","","","","","","","","","","","","","","","","","","","","","","","","","","","","","","","","","","","","","","","",""
